"chain","rank","pair","requestedPair","matched","token","name","symbol","quote","quoteAddress","uiAge","createdAt","ageHours","priceUsd","marketCap","liquidityUsd","volumeH1","volumeH6","volumeH24","buysH1","sellsH1","changeH1","changeH6","boosts","websites","socials","capturedAt"
"solana","1","HKPrXoz4EqJ5HU9m9PmTTTxSRwoB2Hbknd6UqUTsf2Yt","hkprxoz4eqj5hu9m9pmtttxsrwob2hbknd6uqutsf2yt","True","BGU4TfDLpV1JeJGXVgSbZkLSRxgAzcsQci1vEbaWJVcm","Artificial Cat INU","CATAI","NVDAx","Xsc9qvGR1efVDFGLrVsmkzv3qi45LTBjeUKSPmx9qEh","12h","11/9/2026 17:50:44","12,748","0.0006975","697595","81535,83","64980,89","839816,66","3078450,45","469","276","69,88","101","800","System.Object[]","System.Object[]","2026-09-12T06:35:36.7403987Z"
"solana","2","8Tfvhwk6swWCjo7DNKrp89wWqrTdj6o9HBoDhfXT2dy6","8tfvhwk6swwcjo7dnkrp89wwqrtdj6o9hbodhfxt2dy6","True","FLk6FKAN26m1FT4ucguwy3uHBMzLKcEu8KMTYD2Zpump","Stunk","Stunk","SOL","So11111111111111111111111111111111111111112","12h","11/9/2026 18:12:37","12,383","0.001963","1951334","126831,38","154089,05","1107064,42","3953473,63","8522","5812","-2,92","3,39","730","System.Object[]","System.Object[]","2026-09-12T06:35:36.7403987Z"
"solana","3","uzAK8txfJAvqS9VHtDaYAWfBiYbzwq4BzxdiFJTQEnJ","uzak8txfjavqs9vhtdayawfbiybzwq4bzxdifjtqenj","True","ASoQZA3Dee2HU34Vwx3b5SAtTaczJtZcyx1T413nDALL","all","ALL","SOL","So11111111111111111111111111111111111111112","10h","11/9/2026 19:38:17","10,955","0.002371","2253538","170403,05","230694,31","2453128,01","12669804,92","1159","885","-3,61","-7,55",,"System.Object[]","System.Object[]","2026-09-12T06:35:36.7403987Z"
"solana","4","BtKFCWBQ3T16saR8pN4hkEuhLV2s7Vo65oBqvF7eEZSz","btkfcwbq3t16sar8pn4hkeuhlv2s7vo65obqvf7eezsz","True","BifUDWQFpbTrSxYXBnqCpAVYgcyQGzHzJk2MDmeM2Gyv","Artificial Cat","TCAT","TAO","taoC6xyv2v8tDLcev4uaGUgV4vdQsWJrGft2kcBRrBY","1d","10/9/2026 22:32:17","32,055","0.001961","1961602","113794,19","6177,62","56528,35","410176,58","19","11","-6,38","9,69",,"System.Object[]","System.Object[]","2026-09-12T06:35:36.7403987Z"
"solana","5","2ZNq5HMi3Z9DfTED2j2HHzkKBpmRgWZ31RcQ1oPGoLJ8","2znq5hmi3z9dfted2j2hhzkkbpmrgwz31rcq1opgolj8","True","EWnSZW86xhJ91nvxPjdZD3g1SqhHj7q8eqY6DEUKpump","Satu Wallet Token","SATu","SOL","So11111111111111111111111111111111111111112","7mo","4/2/2026 23:26:30","5263,152","0.0001355","132020","36567,4","450,9","2367,87","7299,67","269","3","0,03","93,91","500","System.Object[]","System.Object[]","2026-09-12T06:35:36.7403987Z"
"solana","6","2y6PCqa4fEp3jLiFdan9jVMw7LSK8F3gwsTfy8p7traE","2y6pcqa4fep3jlifdan9jvmw7lsk8f3gwstfy8p7trae","True","5dvXTZ5qwgafnHtwu3Ls3QrWx1U4LQsFeCuJgkk4QEC6","embercurve","EMBER","MET","METvsvVRapdj9cFLzq4Tr43xK4tAjQfwX76z3n6mWQL","2d","9/9/2026 22:25:01","56,177","0.01582","15781016","411935,98","77551,92","643948,6","18824091,16","310","147","27,3","6,27",,"System.Object[]","System.Object[]","2026-09-12T06:35:36.7403987Z"
"solana","7","AbXLP7NmNiPn7iJiRJKRVoQ8Vs6SNzkuBRMFiRVygvtY","abxlp7nmnipn7ijirjkrvoq8vs6snzkubrmfirvygvty","True","zzjkh1hLbvsFJXWLfE6h4JNbcnRj4eteuKRw42PN2tC","Meme Man","MM","STONK","6GmAFSYs4gk3FDao5FzzySQpPZaWsa4rUJHacpMpUNgx","2d","9/9/2026 14:33:34","64,034","0.0009578","957804","141295,38","34456,79","192556,52","1119787,43","2296","2155","37,33","24,55","100","System.Object[]","System.Object[]","2026-09-12T06:35:36.7403987Z"
"solana","8","H2KJ699rzrbiH8D8E1gQ6J86wLZTTVkrpB9RhXaWnZ54","h2kj699rzrbih8d8e1gq6j86wlzttvkrpb9rhxawnz54","True","Gt9brNVXP7gdGtUqZLcJAhbZTjLEcKrA53F18fRSEeAp","ㅤ","ㅤ","ZEC","A7bdiYdS5GjqGFtxf17ppRHtDKPkkRqbKtR27dxvQXaS","7h","11/9/2026 23:33:02","7,043","0.0001556","155688","36971,28","71307,6","1396794,02","2767364,05","623","321","-51,88","-66,21",,"System.Object[]","System.Object[]","2026-09-12T06:35:36.7403987Z"
"solana","9","8XXnvNEMU3UoMRPWY2KJBW5z1T2KKj6vH9WYJfcGDqYQ","8xxnvnemu3uomrpwy2kjbw5z1t2kkj6vh9wyjfcgdqyq","True","3URpNcV9wAPjwMAyuBsPjwwkGN9wFJuwcRs3RMbdpair","Pairz","PAIRZ","SOL","So11111111111111111111111111111111111111112","7d","5/9/2026 04:33:19","170,038","0.001860","1794621","120066,88","14105,73","372546,36","1323135,66","641","224","1,96","-19,32","100","System.Object[]","System.Object[]","2026-09-12T06:35:36.7403987Z"
"solana","10","6zCSdnTE8c3KXWuosxSnBt4wWsN9zTA73umKijP2p6au","6zcsdnte8c3kxwuosxsnbt4wwsn9zta73umkijp2p6au","True","CdAoD87kYKHbtRFawiSqQJMX1pbKisoG7Ha1oJ47kB26","donkey kong","DKNG","DKNG","DKNGQFNGQmoBdXSRGKJ8tTu7uPDasw5JDcfMmWniNfow","10h","11/9/2026 20:06:21","10,488","0.0006838","683865","74371,47","61925,97","1255745,21","6284627,88","328","185","-31,65","-16,38",,"System.Object[]","System.Object[]","2026-09-12T06:35:36.7403987Z"
"solana","11","Cb7ZRgPLhji3Th7htXyKEqbXvNjPpeTvckXuWakBUhXu","cb7zrgplhji3th7htxykeqbxvnjppetvckxuwakbuhxu","True","Hg5Ja55T5wESq4vyFoiVCMeHXtGyVA69X2UHq8hgpump","baton","baton","PUMP","pumpCmXqMfrsAkQ5r49WcJnRayYRqmXz6ae8H7H9Dfn","2d","9/9/2026 20:32:14","58,056","0.007414","7405534","355852,97","145885,97","1054647,85","9100322,5","324","308","15,45","7,34",,"System.Object[]","System.Object[]","2026-09-12T06:35:36.7403987Z"
"solana","12","5dYsxy1hJ8DxejsfHJR9wyRsuLHw6wCLKk7idc1kszUn","5dysxy1hj8dxejsfhjr9wyrsulhw6wclkk7idc1kszun","True","8LstZpZuR9Dy7JCZC3YwPEWtbYhuDVFAYV37r6ZAcuHz","Open Set","OS","CARDS","CARDSccUMFKoPRZxt5vt3ksUbxEFEcnZ3H2pd3dKxYjp","7h","11/9/2026 22:53:25","7,703","0.0006581","658200","116423,05","76317,78","1582990,67","2033532,13","334","211","-3,61","594",,"System.Object[]","System.Object[]","2026-09-12T06:35:36.7403987Z"
"solana","13","23B6d3FvDu2eiZxyBLgWdm2W2vn1bdRwJTR6NCfQpxGE","23b6d3fvdu2eizxyblgwdm2w2vn1bdrwjtr6ncfqpxge","True","9oXA1VWKNiYDYa6VKHBFFBBvZdvuhw1b2eD5Aka7YrVt","Flame","FLAME","EMBER","5dvXTZ5qwgafnHtwu3Ls3QrWx1U4LQsFeCuJgkk4QEC6","20h","11/9/2026 10:32:54","20,045","0.0008953","895325","107757,38","32667,72","397086,34","7494308,11","678","907","19,93","0,78",,"System.Object[]","System.Object[]","2026-09-12T06:35:36.7403987Z"
"solana","14","5752ia7jC3ZU1c8ycytaSyi5D4nVhApSKvreGbs7pwWL","5752ia7jc3zu1c8ycytasyi5d4nvhapskvregbs7pwwl","True","4MMQY9bwkxxTtsK3W227Q5ABT6yFY8Pmn9Ze7wmAXKY8","ALLINU","ALLINU","DKNG","DKNGQFNGQmoBdXSRGKJ8tTu7uPDasw5JDcfMmWniNfow","10h","11/9/2026 20:02:18","10,555","0.001000","1000434","94940,26","72748,92","1313100,1","11231838,86","390","253","-18,1","-45,65",,"System.Object[]","System.Object[]","2026-09-12T06:35:36.7403987Z"
"solana","15","zxTpi4BtaWX3mgdAPoezkMD1hxx8CdeCfrqXMWvSCLX","zxtpi4btawx3mgdapoezkmd1hxx8cdecfrqxmwvsclx","True","6GmAFSYs4gk3FDao5FzzySQpPZaWsa4rUJHacpMpUNgx","STONK","STONK","SOL","So11111111111111111111111111111111111111112","29d","12/8/2026 10:51:40","739,732","0.2722","232932203","4752751,36","1581866,86","9331856,72","73278267,92","1294","834","-0,06","-7,3",,"System.Object[]","System.Object[]","2026-09-12T06:35:36.7403987Z"
"solana","16","CXKwgui737V9EDZKLtU5AeHQnWX4kNTnn3gGQT9Tf6wK","cxkwgui737v9edzkltu5aehqnwx4kntnn3ggqt9tf6wk","True","2fWzx35rQMAATQGhJzVTvzeXHcenCQLqCog9Jkg5pump","LAMA Pay","LAMA","SOL","So11111111111111111111111111111111111111112","3h","12/9/2026 02:59:05","3,609","0.0003466","336919","51302,25","143970,97","1213939,54","1213939,54","1020","821","26,79","743",,"System.Object[]","System.Object[]","2026-09-12T06:35:36.7403987Z"
"solana","17","BTccxxTFi7a9xJTE1exKn38Jgie35s6gNeRxd8DM61Rc","btccxxtfi7a9xjte1exkn38jgie35s6gnerxd8dm61rc","True","HcRLc9VDgjLeK154xDawfb1dmVJ98DoSqcwTHGqiDeJR","Anonymous Cat","ZCAT","ZEC","A7bdiYdS5GjqGFtxf17ppRHtDKPkkRqbKtR27dxvQXaS","11d","30/8/2026 23:29:55","295,095","0.07561","75616062","1354762,61","41501,19","898723,02","4054465,08","28","39","-2,33","-1,6",,"System.Object[]","System.Object[]","2026-09-12T06:35:36.7403987Z"
"solana","18","DA4pM4xSDY4M9V4CgAKKBVH1pw1yscTQQa5nEkGHuKpt","da4pm4xsdy4m9v4cgakkbvh1pw1ysctqqa5nekghukpt","True","MukLDtJ8Cx9DxLbeyLRSWPSposTMWuwHANbuaudpump","OTC","OTC","SOL","So11111111111111111111111111111111111111112","13d","28/8/2026 13:33:10","353,041","0.01438","10144243","597561,53","77775,29","810744,57","3846598,77","343","277","-4,54","21,65",,"System.Object[]","System.Object[]","2026-09-12T06:35:36.7403987Z"
"solana","19","AfrddTGYwCVEQB1gxCAhR8i48o6qtxYqksdVkeLudEhg","afrddtgywcveqb1gxcahr8i48o6qtxyqksdvkeludehg","True","6GmAFSYs4gk3FDao5FzzySQpPZaWsa4rUJHacpMpUNgx","STONK","STONK","SOL","So11111111111111111111111111111111111111112","1mo","5/8/2026 03:58:13","914,623","0.2736","234063202","1405455,78","86427,52","745448,7","8827298,47","114","47","0,73","-7,46",,"System.Object[]","System.Object[]","2026-09-12T06:35:36.7403987Z"
"solana","20","HX6nX5hd143EuHnvb5n7iTSuEBsEx4k9Ne6zyCYBbRMi","hx6nx5hd143euhnvb5n7itsuebsex4k9ne6zycybbrmi","True","HunmXDXMNQYVoDnUL6PNnSYEtFaTZA2WzGh1HJTW7aoV","Loop","LOOP","KNOTS","8RVBk8vxLiUHueLUW1f4izFVqN3nWippLhkohKg6EGkS","1d","11/9/2026 02:57:10","27,641","0.001817","1817596","91846,74","11047,33","100189,33","754149,42","52","36","-21,89","14,02","100","System.Object[]","System.Object[]","2026-09-12T06:35:36.7403987Z"
"solana","21","HMzvsEEmtzHhvZNw9uwbaG85HCTmFnkbhzUx16cy7ca3","hmzvseemtzhhvznw9uwbag85hctmfnkbhzux16cy7ca3","True","Ai66LHZG9MCzg1WKdawwqduVAXpNDUuV8M3uyq5ppump","Catecoin","CATE","SOL","So11111111111111111111111111111111111111112","1mo","26/7/2026 16:32:43","1142,048","0.04466","43062570","2163302,84","58121,77","866536,35","4390575,34","203","197","-0,56","2,07",,"System.Object[]","System.Object[]","2026-09-12T06:35:36.7403987Z"
"solana","22","zf7uTK56DM7en5KXNvtPD9AT66BamJb6DfZuqBhVgBr","zf7utk56dm7en5kxnvtpd9at66bamjb6dfzuqbhvgbr","True","J8X5ygWHY5uHFch7m3MisSC7eDAWpAkgi1pyqfT5pump","revolve ","revolve ","SOL","So11111111111111111111111111111111111111112","58m","12/9/2026 05:35:19","1,005","0.0002230","213178","39428,18","507935,02","518464,32","518464,32","5888","4816","451","432",,"System.Object[]","System.Object[]","2026-09-12T06:35:36.7403987Z"
"solana","23","GbrDAq3RjcVWeroLDUwmnuQ8N5xaaKj2Rk2dJDg64CLY","gbrdaq3rjcvwerolduwmnuq8n5xaakj2rk2djdg64cly","True","5dvXTZ5qwgafnHtwu3Ls3QrWx1U4LQsFeCuJgkk4QEC6","embercurve","EMBER","SOL","So11111111111111111111111111111111111111112","2d","9/9/2026 23:09:57","55,428","0.01535","15359084","790787,4","330707,9","1886833,41","35426164,19","340","317","24,95","0,62",,"System.Object[]","System.Object[]","2026-09-12T06:35:36.7403987Z"
"solana","24","FnzKY6x7entQ1eR3D225dQyT7ybfka4PskBMQhb8L3CC","fnzky6x7entq1er3d225dqyt7ybfka4pskbmqhb8l3cc","True","9cRCn9rGT8V2imeM2BaKs13yhMEais3ruM3rPvTGpump","The Black Bull","ANSEM","SOL","So11111111111111111111111111111111111111112","2mo","16/6/2026 21:05:48","2097,497","0.1490","148681615","2226823,79","141377,9","433902,82","2355911,02","139","275","4,81","3,44",,"System.Object[]","System.Object[]","2026-09-12T06:35:36.7403987Z"
"solana","25","6e4ewHhGZrBMiSkKat7QCx28dytJdnYrobNXWrPL5WFN","6e4ewhhgzrbmiskkat7qcx28dytjdnyrobnxwrpl5wfn","True","5dvXTZ5qwgafnHtwu3Ls3QrWx1U4LQsFeCuJgkk4QEC6","embercurve","EMBER","USDC","EPjFWdd5AufqSSqeM2qN1xzybapC8G4wEGGkZwyTDt1v","2d","10/9/2026 05:53:50","48,696","0.01599","15991717","358003,87","433556,1","1906517,76","14276805,17","578","720","28,07","4,91",,"System.Object[]","System.Object[]","2026-09-12T06:35:36.7403987Z"
